login,first_name,last_name,age
rcoughlan0,Rosa,Coughlan,85
tculverhouse1,Tomasina,Culverhouse,61
cshimwell2,Chrissy,Shimwell,70
nsnewitcauldwell4n3,Nissie,Snewin,94
tgocher5,Ted,Gocher,29
baxon6,Brendan,Axon,24
kgilks7,Kevyn,Gilks,45
ftegeller8,Faina,Tegeller,27
kbrimfield9,Katerine,Brimfield,68
jzarba,Jermaine,Zarb,21
tcampionb,Toiboid,Campion,84
mvezeyc,Malorie,Vezey,87
cmalyd,Charlotte,Maly,68
lskaine,Lainey,Skain,77
venrichf,Vernon,Enrich,55
hchatelaing,Hoyt,Chatelain,42
lnobrigah,Letitia,Nobriga,78
bsowrayi,Berky,Sowray,31
mlindoresj,Marjorie,Lindores,68
dfawcittk,Derward,Fawcitt,98
umonetil,Urban,Moneti,28
fwailesm,Frankie,Wailes,23
bcronn,Brand,Cron,40
scausbeyo,Susanna,Causbey,42
wpotterp,Wyn,Potter,87
bpetrelliq,Bran,Petrelli,73
mjarnellr,Maribel,Jarnell,51
fmurrisons,Fax,Murrison,89
pjurczykt,Pepita,Jurczyk,91
felceu,Felike,Elce,100
memanuelovv,Morgen,Emanuelov,49
miveryw,Marylee,Ivery,91
mrankinex,Mommy,Rankine,35
ebolfy,Easter,Bolf,82
llankhamz,Lexy,Lankham,65
hvawton10,Hillary,Vawton,52
mcunio11,Min,Cunio,89
wlehoux12,Wally,Le Houx,52
gbronot13,Geraldine,Bronot,71
nbrydell14,Ninnette,Brydell,32
lshackle15,Leoline,Shackle,87
bgate16,Bamby,Gate,63
teastmead17,Terence,Eastmead,71
jlethlay18,Juliette,Lethlay,38
ddorkin19,Delmore,Dorkin,53
emcgovern1a,Enid,McGovern,56
ebranigan1b,Ellyn,Branigan,41
apaulet1c,Ashla,Paulet,48
lpeaseman1d,Leelah,Peaseman,95
jtumilty1e,Justin,Tumilty,21
efrackiewicz1f,Eddy,Frackiewicz,72
gbursnall1g,Gussie,Bursnall,55
cjirus1h,Colman,Jirus,52
telwood1i,Terencio,Elwood,82
ccopcott1j,Chelsea,Copcott,43
hteligin1k,Hedi,Teligin,73
jgylle1l,Jennette,Gylle,71
cclemenson1m,Cale,Clemenson,58
mantalffy1n,Margarette,Antalffy,56
bfranks1o,Babette,Franks,56
gsnoding1p,Gal,Snoding,76
noshiels1q,Nichole,O'Shiels,92
tquinnette1r,Tracy,Quinnette,78
ekeith1s,Ettie,Keith,45
hcattlow1t,Halli,Cattlow,47
lbryett1u,Libbi,Bryett,51
mhayers1v,Morten,Hayers,80
sbantock1w,Sanson,Bantock,44
achieco1x,Ardis,Chieco,98
nsantore1y,Nero,Santore,96
tliddel1z,Tristan,Liddel,81
hletts20,Humphrey,Letts,92
mdirr21,Moshe,Dirr,63
pblodg22,Putnem,Blodg,51
sgircke23,Silvio,Gircke,97
goneil24,Georgianna,O'Neil,90
ctumelty25,Coraline,Tumelty,21
jpottery26,Josi,Pottery,72
vhassur27,Vernon,Hassur,23
hchalliner28,Harmony,Challiner,46
nspatig29,Natasha,Spatig,42
hcouche2a,Horten,Couche,80
abutlerbowdon2b,Alayne,Butler-Bowdon,59
bcheal2c,Bernie,Cheal,40
bbassett2d,Brody,Bassett,47
afriskey2e,Adora,Friskey,94
bgirardengo2f,Bernardo,Girardengo,74
jcrompton2g,Jodi,Crompton,90
gfairrie2h,Georgie,Fairrie,57
asturgis2i,Aggi,Sturgis,32
sforward2j,Sanson,Forward,76
teykel2k,Tobe,Eykel,51
njump2l,Nellie,Jump,31
mprivett2m,Myles,Privett,57
sbenettelli2n,Selena,Benettelli,54
jchellenham2o,Jecho,Chellenham,51
ayouster2p,Adrea,Youster,55
jgott2q,Judye,Gott,66
lramsey2r,Leticia,Ramsey,64
bgomer2s,Brandise,Gomer,70
fnapthine2t,Flossi,Napthine,81
abescoby2u,Alexine,Bescoby,71
lprendeguest2v,Lindsay,Prendeguest,59
esporton2w,Edd,Sporton,86
jbaroche2x,Jarred,Baroche,93
nfiloniere2y,Nefen,Filoniere,84
mjosh2z,Martina,Josh,74
kwhitworth30,Karl,Whitworth,35
ckenner31,Charlot,Kenner,39
bmonery32,Barb,Monery,68
ecromarty33,Elaine,Cromarty,22
thabron34,Theo,Habron,94
kmaddrell35,Kirk,Maddrell,100
lgeldert36,Lurline,Geldert,82
vpetegree37,Virge,Petegree,64
mramelot38,Margette,Ramelot,36
bcobelli39,Bertie,Cobelli,84
mrottenbury3a,Micki,Rottenbury,91
ggeldert3b,Giovanna,Geldert,73
bwhitton3c,Buckie,Whitton,86
bjordine3d,Babbie,Jordine,49
sblackadder3e,Sutherlan,Blackadder,94
gshakesby3f,Giorgia,Shakesby,30
cburlingham3g,Consolata,Burlingham,34
reades3h,Robbin,Eades,40
kdomek3i,Kendricks,Domek,37
tallmark3j,Timmi,Allmark,47
jalbasiny3k,Jessica,Albasiny,58
bandrini3l,Bili,Andrini,21
tgosforth3m,Tobie,Gosforth,79
smasey3n,Symon,Masey,23
klewty3o,Kayley,Lewty,93
chenaughan3p,Cesaro,Henaughan,59
ehitzschke3q,Elvina,Hitzschke,51
pdubble3r,Pier,Dubble,23
omarch3s,Olvan,March,88
phradsky3t,Phylis,Hradsky,64
rnathon3u,Rebekkah,Nathon,67
sgrayshan3v,Susanetta,Grayshan,23
jkiellor3w,Juanita,Kiellor,57
herrichiello3x,Hedvig,Errichiello,52
lgoering3y,Leroi,Goering,51
fduckitt3z,Freddie,Duckitt,42
dstallibrass40,Drona,Stallibrass,88
jasche41,Jephthah,Asche,73
rcleere42,Rozalin,Cleere,84
cmackro43,Cesaro,Mackro,87
mmattek44,Matteo,Mattek,90
epitchford45,Eve,Pitchford,70
mmcgragh46,Maude,McGragh,100
dcraddy47,Donnell,Craddy,54
jmeeus48,Jonas,Meeus,69
nhuntly49,Norri,Huntly,78
kcoldbreath4a,Kippy,Coldbreath,52
heveque4b,Hayes,Eveque,91
agrimsdyke4c,Andromache,Grimsdyke,70
mreignolds4d,Maggy,Reignolds,55
lmation4e,Lea,Mation,44
kolyunin4f,Karlyn,Olyunin,89
cbirrane4g,Carie,Birrane,67
rogles4h,Rafaello,Ogles,87
blimbert4i,Barbi,Limbert,22
hdibbin4j,Humfrid,Dibbin,75
bharwood4k,Britta,Harwood,98
dpenrith4l,Daron,Penrith,64
bbarnwell4m,Bogey,Barnwell,89
wgiraux4n,Winni,Giraux,53
spaolinelli4o,Silva,Paolinelli,27
gludl4p,Gerrilee,Ludl,54
aparres4q,Adriane,Parres,21
ytarling4r,Yehudi,Tarling,49
nautie4s,Nappie,Autie,67
nroffe4t,Noach,Roffe,25
gmarmyon4u,Guillemette,Marmyon,20
akingzett4v,Alexandr,Kingzett,46
tarrowsmith4w,Tore,Arrowsmith,99
kbirtley4x,Keir,Birtley,33
hprott4y,Hailey,Prott,40
apittel4z,Adorne,Pittel,57
zrediers50,Zachariah,Rediers,54
darboine51,Dominga,Arboine,77
nwyman52,Neda,Wyman,39
wconaghan53,Waylin,Conaghan,53
awurz54,Albina,Wurz,52
lgrugerr55,Lucine,Grugerr,89
mroon56,Marten,Roon,84
ewinspear57,Ellissa,Winspear,46
vrodrigues58,Vale,Rodrigues,61
bodriscoll59,Brandice,O' Driscoll,35
cboarer5a,Colas,Boarer,41
eeste5b,Eunice,Este,48
zconnolly5c,Zorina,Connolly,22
vduggleby5d,Virgie,Duggleby,72
dpolleye5e,Dyna,Polleye,53
drattry5f,Deedee,Rattry,52
ddouthwaite5g,Dido,Douthwaite,56
kkobpal5h,Kimberli,Kobpal,52
dmadner5i,Darlene,Madner,100
cdouche5j,Cointon,Douche,39
idibaudi5k,Ingrim,Di Baudi,55
rchaves5l,Raven,Chaves,89
smaclese5m,Sydelle,MacLese,30
daubrun5n,Drusi,Aubrun,36
ilevett5o,Isidoro,Levett,36
dwestwater5p,Dyana,Westwater,39
hmachel5q,Henrieta,Machel,31
ccheltnam5r,Claudina,Cheltnam,37
oolanda5s,Olav,Olanda,27
mpengilly5t,Mariejeanne,Pengilly,61
acoldham5u,Arlinda,Coldham,90
rliveing5v,Red,Liveing,39
bhaldin5w,Barbey,Haldin,57
rhawksley5x,Roley,Hawksley,25
dmillican5y,Darryl,Millican,86
vvanyushkin5z,Vanya,Vanyushkin,78
acookson60,Aretha,Cookson,85
lwolstenholme61,Lorin,Wolstenholme,21
dfurneaux62,Darline,Furneaux,26
ebawle63,Emilio,Bawle,59
fstearne64,Faulkner,Stearne,89
cguilder65,Candra,Guilder,71
vdanby66,Vivi,Danby,68
kmosby67,Krysta,Mosby,30
sstratton68,Sibeal,Stratton,78
eguerreiro69,Eugine,Guerreiro,21
mpalatino6a,Minnie,Palatino,62
fbradtke6b,Fidelia,Bradtke,55
kpawelczyk6c,Kahlil,Pawelczyk,55
dgounod6d,Daron,Gounod,74
acanape6e,Almeta,Canape,52
navann6f,Nomi,Avann,28
csparrow6g,Cam,Sparrow,78
qsails6h,Queenie,Sails,82
ndrain6i,Nancey,Drain,63
jbrient6j,Janetta,Brient,48
dasmus6k,Drud,Asmus,30
felvey6l,Fabien,Elvey,29
nhamelyn6m,Neall,Hamelyn,74
fgiovannoni6n,Franni,Giovannoni,41
bwyon6o,Bili,Wyon,58
cnussey6p,Chandra,Nussey,87
nmusicka6q,Nat,Musicka,24
tgoodfellowe6r,Theo,Goodfellowe,37
lwhittingham6s,Laird,Whittingham,72
elain6t,Elayne,Lain,82
rwhybrow6u,Rollo,Whybrow,61
msalerg6v,Marchelle,Salerg,74
xhellikes6w,Xymenes,Hellikes,67
knyssen6x,Kerstin,Nyssen,92
mbedingfield6y,Micheal,Bedingfield,38
nshrigley6z,Nada,Shrigley,95
cmonte70,Chance,Monte,79
sdorber71,Sherwin,Dorber,39
ttrussman72,Trescha,Trussman,31
acake73,Aprilette,Cake,52
spowley74,Serene,Powley,83
mcrossan75,Murry,Crossan,78
churcombe76,Carma,Hurcombe,42
zsatford77,Zarah,Satford,100
jfildery78,Johann,Fildery,95
avarns79,Adam,Varns,45
hshorey7a,Hersch,Shorey,40
ukibbel7b,Ursulina,Kibbel,30
chanvey7c,Conni,Hanvey,64
ahackey7d,Ara,Hackey,74
rcurbishley7e,Rolfe,Curbishley,70
kguppy7f,Koressa,Guppy,28
ldorkin7g,Lois,Dorkin,51
cbroadfield7h,Cyndi,Broadfield,96
ltruelock7i,Lissi,Truelock,23
apiccard7j,Allyn,Piccard,88
pstaig7k,Padriac,Staig,72
rbizley7l,Ronni,Bizley,58
fervin7m,Ferguson,Ervin,44
gbreslin7n,Gavan,Breslin,56
cmelpuss7o,Chrissy,Melpuss,96
jceccoli7p,Joshia,Ceccoli,71
mkorbmaker7q,Meridith,Korbmaker,73
lrabson7r,Lily,Rabson,74
amabley7s,Addi,Mabley,65
sdamper7t,Shelli,Damper,80
jgomby7u,Joli,Gomby,50
ebruckner7v,Ernest,Bruckner,28
dbezant7w,Delmor,Bezant,93
jchicchelli7x,Janessa,Chicchelli,64
jocarrol7y,Judie,O'Carrol,56
scrisell7z,Shanie,Crisell,81
mmauditt80,Minnnie,Mauditt,80
bsherrum81,Blake,Sherrum,59
aberesfore82,Adrea,Beresfore,56
hbenedidick83,Herbert,Benedidick,98
msitlington84,Maybelle,Sitlington,61
ptredwell85,Phyllida,Tredwell,92
hhourston86,Hewe,Hourston,74
nbugdall87,Nealon,Bugdall,22
jratcliff88,Joanna,Ratcliff,62
adarragh89,Auberon,Darragh,98
kslograve8a,Kerk,Slograve,74
cbraune8b,Cami,Braune,53
gpryer8c,Gilbertine,Pryer,63
shostan8d,Stormi,Hostan,57
socorren8e,Shane,O'Corren,61
pdancy8f,Pippa,Dancy,91
alander8g,Anet,Lander,64
jjerke8h,Joletta,Jerke,86
mgrave8i,Mikael,Grave,25
amably8j,Aron,Mably,31
fforsdicke8k,Freddy,Forsdicke,37
edownton8l,Emile,Downton,45
dstockey8m,Daron,Stockey,35
dwoodruff8n,Devin,Woodruff,34
bboumphrey8o,Blanca,Boumphrey,78
akestian8p,Antony,Kestian,39
jvickerstaff8q,Josey,Vickerstaff,95
pmackison8r,Penelopa,Mackison,72
weaklee8s,Wes,Eaklee,37
cjehan8t,Conny,Jehan,96
mknocker8u,Miranda,Knocker,98
bnewark8v,Bridgette,Newark,97
jepple8w,Jard,Epple,95
sswanwick8x,Shelley,Swanwick,76
nscales8y,Nap,Scales,71
mjacobsen8z,Merrill,Jacobsen,76
cgrellier90,Camella,Grellier,67
acrat91,Aliza,Crat,45
gbalaisot92,Griff,Balaisot,98
aellen93,Adelbert,Ellen,66
bmccleverty94,Barbara-anne,McCleverty,28
wdoulton95,Wendie,Doulton,95
rolexa96,Rosalinda,Olexa,47
jstarking97,Jayme,Starking,93
cscarlon98,Catha,Scarlon,72
socorrane99,Sandor,O'Corrane,77
ahaack9a,Archibald,Haack,81
fcollis9b,Franni,Collis,58
bdavenell9c,Brantley,Davenell,74
wkrolman9d,Wye,Krolman,70
gcandish9e,Granville,Candish,41
rgooley9f,Ronna,Gooley,85
hokeenan9g,Happy,O'Keenan,88
zcourtman9h,Zebulen,Courtman,70
ebestar9i,Enrika,Bestar,55
bwinley9j,Brandi,Winley,32
ebuss9k,Ericka,Buss,95
dgilbey9l,Drusilla,Gilbey,66
aughetti9m,Ansell,Ughetti,76
wpenhall9n,Wylma,Penhall,86
mpampling9o,Melva,Pampling,90
vlejeune9p,Viviana,Lejeune,54
mhucker9q,Mickie,Hucker,23
flowres9r,Faber,Lowres,77
clipprose9s,Cathie,Lipprose,68
pbrace9t,Pammi,Brace,54
bcoie9u,Blisse,Coie,23
kchilderhouse9v,Kial,Childerhouse,30
cbilles9w,Cornall,Billes,93
jsaterweyte9x,Justin,Saterweyte,57
rjealous9y,Ruby,Jealous,51
ldavidwitz9z,Laurent,Davidwitz,44
rhammona0,Rafa,Hammon,94
fleadbittera1,Fred,Leadbitter,44
bgappera2,Belicia,Gapper,69
mveneura3,Michele,Veneur,20
pmacilhaggaa4,Peyter,MacIlhagga,71
kshawcrossa5,Karol,Shawcross,97
aselwooda6,Artair,Selwood,96
aubeea7,Antonius,Ubee,78
dattera8,Dewain,Atter,84
jsmeetona9,Jefferey,Smeeton,91
mdurdenaa,Masha,Durden,44
dburneyab,Duncan,Burney,61
dpapesac,Darci,Papes,29
sheisterad,Sandor,Heister,22
kostridgeae,Karola,Ostridge,85
lclemenceaf,Laney,Clemence,54
htrueloveag,Haley,Truelove,40
agillfordah,Angie,Gillford,26
nhusbyai,Natty,Husby,85
mleataj,Mariejeanne,Leat,64
rtreadwayak,Ruth,Treadway,59
eporttal,Ernaline,Portt,36
jmcclaryam,Jacquelynn,McClary,99
emccannyan,Enrika,McCanny,70
rdaneluttiao,Raffarty,Danelutti,89
dsiudaap,Deerdre,Siuda,89
hboastaq,Heath,Boast,73
fsemeradovaar,Falkner,Semeradova,53
eberzinas,Emmaline,Berzin,24
stummonsat,Skippy,Tummons,66
faloigiau,Frederica,Aloigi,40
dmaclachlanav,Danila,MacLachlan,51
aporttaw,Ariel,Portt,22
wcadallederax,Woodie,Cadalleder,30
vgladdinay,Velma,Gladdin,73
dshergillaz,Dehlia,Shergill,36
jlafondb0,Jozef,Lafond,66
hkearsleyb1,Hashim,Kearsley,47
mcloakeb2,Marjie,Cloake,50
cswaytonb3,Cam,Swayton,75
ldewickeb4,Leeanne,Dewicke,26
nfraserb5,Noam,Fraser,37
cgillyattb6,Charisse,Gillyatt,67
pgassb7,Penn,Gass,41
eboorerb8,Erika,Boorer,29
gastlesb9,Gus,Astles,99
sluckenba,Sansone,Lucken,99
ecohanibb,Eadie,Cohani,64
aleadbc,Ariel,Lead,86
emillinsbd,Ema,Millins,93
bgetleybe,Brandy,Getley,47
edevallbf,Estrellita,Devall,43
snazerbg,Sybilla,Nazer,37
gblaikbh,Garwin,Blaik,23
mregusbi,Merridie,Regus,42
vwinmillbj,Vlad,Winmill,49
hbastardbk,Hermy,Bastard,65
fbogacebl,Farlay,Bogace,88
tmylchreestbm,Toby,Mylchreest,82
goglesbn,Geordie,Ogles,56
ckeysebo,Carolee,Keyse,26
dbullebp,Derril,Bulle,35
lpreblebq,Lizbeth,Preble,28
rscrivenorbr,Reynard,Scrivenor,61
tcrowdenbs,Tilly,Crowden,34
tmarksonbt,Thedrick,Markson,61
qbeckmannbu,Queenie,Beckmann,55
dalldridgebv,Dun,Alldridge,34
tselesnickbw,Teodoro,Selesnick,61
bparkesonbx,Burnard,Parkeson,41
eheffordeby,Emlyn,Hefforde,22
nblundenbz,Neilla,Blunden,22
jcheckleyc0,Jeannette,Checkley,38
gheartyc1,Goldy,Hearty,33
zrixc2,Zara,Rix,53
gsarginsonc3,Guthrey,Sarginson,27
cwisedalec4,Cinda,Wisedale,38
ocaughtryc5,Olva,Caughtry,64
gbubbinsc6,Gerald,Bubbins,100
dmccreedyc7,Dani,McCreedy,29
kmahodyc8,Kittie,Mahody,60
dporterc9,Dionis,Porter,85
dgirodonca,Devonna,Girodon,59
achurchlowcb,Aidan,Churchlow,57
fbernatcc,Flemming,Bernat,62
nciepluchcd,Noemi,Ciepluch,79
hmurrigansce,Humfried,Murrigans,100
atanswillcf,Armand,Tanswill,25
leymercg,Lion,Eymer,34
xlemasneych,Xenos,Lemasney,90
cverriourci,Cathi,Verriour,75
rsydecj,Roarke,Syde,96
tgallyonck,Tommie,Gallyon,60
rcourteneycl,Roby,Courteney,33
mferrierecm,Moore,Ferriere,45
callamcn,Crin,Allam,60
ltunyco,Lenette,Tuny,49
sevangelinoscp,Sophronia,Evangelinos,87
fdoolycq,Freddy,Dooly,47
tsloatcr,Tammie,Sloat,67
eeilhersencs,Elise,Eilhersen,99
khillabyct,Karlan,Hillaby,57
wnealecu,Willetta,Neale,99
wwhiscardcv,Winslow,Whiscard,77
ebendigcw,Etty,Bendig,54
hconboycx,Harriott,Conboy,95
amaaszcy,Adriena,Maasz,64
aaindraiscz,Amby,Aindrais,21
dtrundled0,Dottie,Trundle,33
apickstond1,Adaline,Pickston,39
esalzend2,Edmon,Salzen,49
sautied3,Sascha,Autie,49
gfauxd4,Gertrud,Faux,49
rfinnd5,Rip,Finn,70
etweded6,Estel,Twede,67
gpalumbod7,Gran,Palumbo,82
lgadesbyd8,Lorry,Gadesby,59
afitzsymondsd9,Astrid,Fitzsymonds,72
ttodmanda,Trace,Todman,50
itomasidb,Ichabod,Tomasi,29
bcockerilldc,Bail,Cockerill,96
dflobertdd,Dominica,Flobert,20
yinnmande,Yorke,Innman,58
tbrighamdf,Terry,Brigham,28
ceamesdg,Calv,Eames,32
aharsantdh,Amie,Harsant,28
sbereforddi,Sophia,Bereford,74
wsawldj,Wren,Sawl,84
cshowtdk,Cole,Showt,80
ustanexdl,Una,Stanex,21
lromkedm,Luella,Romke,85
mganforthedn,Marchall,Ganforthe,74
kfelddo,Karlyn,Feld,37
ciddondp,Caryl,Iddon,23
lpoundesforddq,Laina,Poundesford,80
eakermandr,Erena,Akerman,40
sadamsds,Shane,Adams,50
bantuschdt,Beulah,Antusch,80
agrindelldu,Adriena,Grindell,74
enendickdv,Evvy,Nendick,91
dsandforddw,Darryl,Sandford,52
drolancedx,Derk,Rolance,69
alipscombdy,Anne,Lipscomb,54
ucourtesedz,Ulrick,Courtese,100
vdellascalae0,Vasily,Della Scala,62
hyongee1,Hamlin,Yonge,97
ttillette2,Tine,Tillett,47
gbeckinsalee3,Genevra,Beckinsale,54
alaperee4,Amandy,Lapere,61
csouthcombee5,Corby,Southcombe,81
aricoalde6,Annamarie,Ricoald,99
agrunsone7,Amie,Grunson,50
bspinnacee8,Boyd,Spinnace,66
smacnabe9,Susana,MacNab,77
mmclaughlinea,Mitchel,McLaughlin,68
miversoneb,Marwin,Iverson,70
csedenec,Chad,Seden,95
bbained,Brandea,Bain,48
mbettisonee,Marissa,Bettison,43
jblatcheref,Justen,Blatcher,31
umourtoneg,Umeko,Mourton,86
gposselwhiteeh,Graehme,Posselwhite,90
vellertonei,Vivienne,Ellerton,81
rdringej,Roy,Dring,42
mcusiterek,Marys,Cusiter,79
kpheasantel,Krystal,Pheasant,98
kverbekeem,Kile,Verbeke,23
msobeyen,Mayor,Sobey,91
hmerrganeo,Helyn,Merrgan,38
syanukhinep,Stephannie,Yanukhin,53
salcidoeq,Stearne,Alcido,57
sewingtoner,Saundra,Ewington,23
mcardoees,Modestine,Cardoe,40
wmetterickeet,Wyatt,Mettericke,78
ddanfortheu,Danny,Danforth,68
gterbeekev,Giulia,Terbeek,42
rbuddingew,Rheba,Budding,100
gnancarrowex,Giralda,Nancarrow,23
kclemoey,Kelwin,Clemo,50
bcrabbez,Burton,Crabb,63
amacrannellf0,Amitie,MacRannell,25
lbamforthf1,Lavinie,Bamforth,56
ghearnsf2,Gregor,Hearns,63
ddetocquevillef3,Dennet,de Tocqueville,100
fbaudinof4,Frankie,Baudino,38
tivkovicf5,Truda,Ivkovic,30
mbressonf6,Melloney,Bresson,91
jtumberf7,Jade,Tumber,60
nevansonf8,Noby,Evanson,29
aboerderf9,Aurea,Boerder,81
gfurzeyfa,Georgena,Furzey,25
gwillisonfb,Grace,Willison,46
gprisleyfc,Gene,Prisley,50
lstainsfd,Lovell,Stains,55
ebrusbyfe,Estel,Brusby,70
lhurseyff,Letti,Hursey,84
aminerofg,Arabele,Minero,33
jcuerfh,Jules,Cuer,85
wbeatyfi,Wain,Beaty,35
psillyfj,Philip,Silly,89
dforrifk,Dino,Forri,52
keldersfl,Keeley,Elders,75
grosevearfm,Giraldo,Rosevear,95
fmillichipfn,Freddy,Millichip,31
dfritzfo,Darn,Fritz,55
mscraneyfp,Marlee,Scraney,54
cvanvuurenfq,Charin,Van Vuuren,89
wrenforthfr,Wenona,Renforth,57
bstormesfs,Berri,Stormes,22
sdavinetft,Sonja,Davinet,89
vmayfieldfu,Vania,Mayfield,93
ihuggonfv,Ingmar,Huggon,52
tmeneuxfw,Thedric,Meneux,69
sgoldingayfx,Sigismundo,Goldingay,21
golunnyfy,Gloriane,O'Lunny,86
evassanofz,Ermengarde,Vassano,81
lrosleng0,Leonie,Roslen,30
atrelevang1,Annadiane,Trelevan,85
rdaveleyg2,Randall,Daveley,94
ikilng3,Ingaberg,Kiln,62
neliotg4,Natty,Eliot,54
tpomfrettg5,Tiffany,Pomfrett,84
ashorthillg6,Alexandra,Shorthill,23
cyokleyg7,Clementia,Yokley,98
jpenwrightg8,Jemmie,Penwright,89
peliescog9,Petr,Eliesco,84
wmilbyga,Wald,Milby,49
mhuddlegb,Martino,Huddle,69
iacombgc,Ingrid,Acomb,38
whusongd,Wenona,Huson,71
onovisge,Ola,Novis,96
dlambollgf,Danya,Lamboll,20
ddavidovichgg,Dulcea,Davidovich,53
gmylchreestgh,Gail,Mylchreest,42
ndeniskegi,Nealon,Deniske,94
mclementsongj,Michele,Clementson,23
kelvidgegk,Kimberly,Elvidge,73
eluesleygl,Eldridge,Luesley,98
kconkeygm,Katie,Conkey,94
kcastellanosgn,Kalina,Castellanos,64
dtoffolinigo,Duky,Toffolini,84
obiaggigp,Olympia,Biaggi,74
nlancettergq,Neel,Lancetter,84
vnuttallgr,Vevay,Nuttall,84
ksamettgs,Korrie,Samett,88
rwaltongt,Rachel,Walton,52
fburrusgu,Fidole,Burrus,99
nvardengv,Nathaniel,Varden,64
jcranidgegw,Jamima,Cranidge,25
akimblygx,Aguistin,Kimbly,29
sdavinetgy,Shalne,Davinet,71
dtrillgz,Dannie,Trill,36
mvahlh0,Margery,Vahl,32
dmargueriteh1,Dorian,Marguerite,35
caxfordh2,Charlot,Axford,25
wpenhaleurackh3,Wilek,Penhaleurack,98
jcurtoish4,Jermayne,Curtois,61
kmuntonh5,Kayne,Munton,89
vkentishh6,Vassily,Kentish,95
rdooreh7,Rowen,Doore,88
bhadwickh8,Bambie,Hadwick,51
cbelchh9,Connor,Belch,22
deschaletteha,Delcina,Eschalette,86
mambroziakhb,Meta,Ambroziak,97
shanscomehc,Stanislaw,Hanscome,52
cdungatehd,Clem,Dungate,41
cleyshonhe,Chrissy,Leyshon,46
lgullberghf,Loralee,Gullberg,50
hmeachanhg,Hammad,Meachan,68
iabrahamianhh,Iggy,Abrahamian,66
oroggershi,Olive,Roggers,47
efallawehj,Ellary,Fallawe,59
rlumsdonhk,Rasla,Lumsdon,73
vgodwynhl,Valerie,Godwyn,96
lpherpshm,Lawrence,Pherps,92
csydallhn,Chadwick,Sydall,59
thounsomho,Tatiania,Hounsom,48
pmitchenerhp,Pietro,Mitchener,22
ctompionhq,Cello,Tompion,29
hbizleyhr,Hyacintha,Bizley,79
gromainhs,Gaspar,Romain,100
dfoliht,Dian,Foli,64
mgiacominihu,Marita,Giacomini,23
djaksichv,Duncan,Jaksic,91
gnewmanhw,Gunther,Newman,26
mflageulhx,Merle,Flageul,59
tbignoldhy,Theadora,Bignold,25
kdunnethz,Karol,Dunnet,67
zkentwelli0,Zachary,Kentwell,27
eantonomolii1,Eada,Antonomoli,22
jgrishanovi2,Jermain,Grishanov,58
hesbyi3,Helyn,Esby,93
rfaulconbridgei4,Rik,Faulconbridge,79
hbaulchi5,Honoria,Baulch,69
ubowcocki6,Ursula,Bowcock,60
jjohanni7,Jewelle,Johann,30
eantonchiki8,Emelen,Antonchik,83
cdabesi9,Chelsea,Dabes,20
bmansellia,Brennan,Mansell,56
vlocknerib,Vanny,Lockner,94
rliddonic,Russell,Liddon,83
sbassilid,Salim,Bassil,60
mperrinchiefie,Michael,Perrinchief,23
beynaldif,Benny,Eynald,40
lreneig,Lianna,Rene,37
emassingberdih,Eldredge,Massingberd,37
candreucciii,Celine,Andreucci,72
hwoodesij,Helen-elizabeth,Woodes,77
dchatwinik,Dianemarie,Chatwin,24
ebramleyil,Estel,Bramley,31
cstollenbeckerim,Chip,Stollenbecker,59
tallibanin,Thibaud,Alliban,65
mporttio,Murray,Portt,55
gduckeringip,Gabriel,Duckering,99
kberkleyiq,Krishnah,Berkley,90
afoxir,Annora,Fox,77
ggressis,Gretta,Gress,83
kskoneit,Kean,Skone,65
osmorthitiu,Ossie,Smorthit,41
yfeakiv,Yuma,Feak,56
gnutleyiw,Gray,Nutley,57
tleamanix,Tommie,Leaman,83
nkilfeatheriy,Nehemiah,Kilfeather,21
scundyiz,Saunderson,Cundy,20
dmanuellij0,Deina,Manuelli,53
zseversj1,Zara,Severs,100
mmoberleyj2,Mehetabel,Moberley,35
mhorribinej3,Mar,Horribine,81
dkittoej4,Donavon,Kittoe,84
tfranzelj5,Theodora,Franzel,21
rfaroj6,Reine,Faro,42
pgodbaldj7,Paolo,Godbald,34
gyaldenj8,Gordon,Yalden,69
abewlayj9,Arlinda,Bewlay,69
smerveilleja,Sherrie,Merveille,59
dsambalsjb,Dwight,Sambals,43
sgorlingjc,Sydel,Gorling,22
cfullwoodjd,Conan,Fullwood,34
awitherje,Andriette,Wither,79
afaircleyjf,Amble,Faircley,45
pslocomjg,Parsifal,Slocom,39
lbrundelljh,Lesya,Brundell,75
ckarranji,Cy,Karran,25
bwhitlockjj,Beverly,Whitlock,55
cgianottijk,Claire,Gianotti,31
lmosconejl,Letitia,Moscone,98
psarfassjm,Prudence,Sarfass,64
dtranmerjn,Donalt,Tranmer,97
msandelsjo,Mellisa,Sandels,64
jbrithmanjp,Jermayne,Brithman,56
chinkensenjq,Cherri,Hinkensen,69
hspillettjr,Hobard,Spillett,20
skellerjs,Seana,Keller,45
ymcgivenajt,Yuri,McGivena,47
fainslieju,Fabio,Ainslie,79
tberthodjv,Tris,Berthod,54
cshuardjw,Christen,Shuard,46
cflattjx,Cammy,Flatt,24
ndebruynjy,Natty,De Bruyn,34
itowsjz,Inigo,Tows,41
jpheazeyk0,Jen,Pheazey,46
cmilnesk1,Cam,Milnes,42
jocorrink2,Joana,O'Corrin,38
sgillisk3,Siusan,Gillis,59
lsimonsenk4,Lorianne,Simonsen,25
farmfirldk5,Fiorenze,Armfirld,82
vdurakk6,Veronike,Durak,76
rmartelk7,Rana,Martel,53
jminchik8,Jonathan,Minchi,48
mnorssisterk9,Micheline,Norssister,95
mtowka,Massimo,Tow,57
eglanceykb,Eileen,Glancey,41
mwankakc,Mata,Wanka,81
itrattleskd,Isidora,Trattles,41
mfandrichke,Marijo,Fandrich,36
sinworthkf,Stefano,Inworth,84
rsellwoodkg,Rupert,Sellwood,76
mcianellikh,Madlin,Cianelli,68
bpestellki,Burl,Pestell,67
jdalwiskj,Julianna,D'Alwis,25
lcastellikk,Lorain,Castelli,33
wpinkertonkl,Ward,Pinkerton,71
epennickkm,Erie,Pennick,49
lcorkekn,Lauritz,Corke,54
pincognako,Pippa,Incogna,76
msimkinskp,Martita,Simkins,93
cwohlerkq,Christie,Wohler,61
hradenkr,Hi,Raden,79
rbarbieks,Romain,Barbie,71
achappellkt,Annis,Chappell,23
ctrymmeku,Craig,Trymme,38
khenburykv,Kaiser,Henbury,76
mdiprosekw,Marylee,Diprose,30
sfridlingtonkx,Sim,Fridlington,89
khelversenky,Kikelia,Helversen,27
preinkz,Prince,Rein,68
apavisl0,Abdel,Pavis,21
aioril1,Alida,Iori,89
ulegrandl2,Udall,Le Grand,81
ptalksl3,Page,Talks,71
ckoenel4,Chris,Koene,39
gbringloel5,Geoffry,Bringloe,39
nreinal6,Neda,Reina,62
tflisherl7,Tadio,Flisher,84
mwroughtonl8,Micheil,Wroughton,66
fcrossel9,Fabe,Crosse,30
pwarkela,Patrizia,Warke,63
lrenachowskilb,Louisette,Renachowski,55
iblachfordlc,Isidor,Blachford,92
cockendenld,Clarice,Ockenden,51
fglackenle,Francesca,Glacken,23
dfairbairnlf,Dulci,Fairbairn,85
kpawlowiczlg,Kimble,Pawlowicz,69
rwanelh,Renard,Wane,54
espeakeli,Eustace,Speake,59
cproughtenlj,Cherlyn,Proughten,25
mpherpslk,Mayer,Pherps,66
cstorkll,Celia,Stork,24
bbrutylm,Barrett,Bruty,47
sjerwoodln,Symon,Jerwood,85
ssaltsbergerlo,Sloan,Saltsberger,83
pbraggintonlp,Petra,Bragginton,30
traintonlq,Tally,Rainton,33
cpfeufferlr,Carita,Pfeuffer,43
afourmanls,Alick,Fourman,88
bbrehatlt,Britni,Brehat,89
lstrotonlu,Lenka,Stroton,48
cbowderylv,Cornall,Bowdery,25
hjehulw,Haley,Jehu,100
kvandenboschlx,Kate,Van den Bosch,53
mhabbershonly,Max,Habbershon,82
bbohikelz,Briggs,Bohike,57
egeraudm0,Elisha,Geraud,91
ishurmanm1,Ida,Shurman,91
ncreekm2,Nanni,Creek,24
bpiecham3,Benedikt,Piecha,54
nbarkworthm4,Noella,Barkworth,68
rmcsperronm5,Robb,McSperron,31
kaltoftsm6,Kary,Altofts,65
ksaladinm7,Kimbra,Saladin,71
mchoudhurym8,Margarethe,Choudhury,32
nsermanm9,Noah,Serman,32
rrylandsma,Rosabel,Rylands,26
wwaplesmb,Westleigh,Waples,71
mtappinmc,Mahmoud,Tappin,96
pmineromd,Prentice,Minero,29
ldivallme,Linnet,Divall,100
hhenricssonmf,Hermy,Henricsson,48
fbraddonmg,Ferd,Braddon,99
wconnettmh,Wilow,Connett,41
eknowlmanmi,Elga,Knowlman,71
bfeldsteinmj,Byrom,Feldstein,88
sdowtrymk,Sara-ann,Dowtry,79
tmeneghiml,Thacher,Meneghi,73
hgrayshonmm,Herb,Grayshon,23
dhearnshawmn,Daryl,Hearnshaw,86
mlingardmo,Magdaia,Lingard,36
khammantmp,Kissee,Hammant,29
bgeertsenmq,Byrom,Geertsen,54
mleinwebermr,Marsh,Leinweber,63
grodgersms,Gabriele,Rodgers,61
bsinyardmt,Bethany,Sinyard,60
clowellmu,Cris,Lowell,21
abiasiolimv,Audrie,Biasioli,91
epibornmw,Efren,Piborn,27
airnismx,Augustin,Irnis,28
vvigrassmy,Victoria,Vigrass,73
tspenceleymz,Tripp,Spenceley,65
kbealingn0,Kellina,Bealing,68
rgainorn1,Rand,Gainor,44
mfullardn2,Maryanna,Fullard,86
dfreckeltonn3,Dennie,Freckelton,66
jputlandn4,Janela,Putland,22
tphytheann5,Terrel,Phythean,20
pnorvilln6,Patrizius,Norvill,62
lknowlern7,Lynda,Knowler,33
lmaciejakn8,Lissa,Maciejak,79
dgaukrogern9,Dita,Gaukroger,88
fsetterfieldna,Florentia,Setterfield,56
djacmarnb,Duane,Jacmar,75
iframptonnc,Ignatius,Frampton,76
fsimenetnd,Franzen,Simenet,84
mbesquene,Micky,Besque,45
hyansonsnf,Henka,Yansons,33
strulockng,Sybil,Trulock,52
tjakobssonnh,Tommie,Jakobsson,90
jbrehatni,Josefa,Brehat,65
etillardnj,Edwina,Tillard,63
randersonnk,Rufus,Anderson,31
gaulsfordnl,Godfrey,Aulsford,37
jhubboldnm,Jenilee,Hubbold,24
alathomnn,Aldric,Lathom,84
adaniauno,Anetta,Daniau,47
fsolenp,Fee,Sole,49
ddavinetnq,Dorian,Davinet,85
mkinzelnr,Monroe,Kinzel,92
dearengeyns,Delcine,Earengey,54
kiorizzont,Kriste,Iorizzo,83
kallinsonnu,Kimmy,Allinson,64
zschabennv,Zulema,Schaben,37
tbewsheanw,Trudey,Bewshea,23
rriddochnx,Ruthy,Riddoch,49
btansleyny,Bell,Tansley,54
wbrancanz,Whitney,Branca,37
cpimlocko0,Charlot,Pimlock,36
ajinkso1,Aprilette,Jinks,87
aannello2,Alexa,Annell,23
bchappelleo3,Blinny,Chappelle,90
gtellessono4,Garrek,Tellesson,96
bquinnello5,Brittani,Quinnell,77
rdewildeo6,Ripley,de Wilde,99
srimingtono7,Sawyere,Rimington,76
cdrogano8,Clerissa,Drogan,60
skobuso9,Stephan,Kobus,34
ktwycrossoa,Kessiah,Twycross,79
spetricekob,Salaidh,Petricek,39
iporrettoc,Irv,Porrett,84
jerikssonod,Jacquelin,Eriksson,80
mmayhewoe,Misty,Mayhew,60
ojennickof,Olia,Jennick,62
alamdinog,Arv,Lamdin,24
vjostoh,Virgil,Jost,66
gmcgookinoi,Gill,McGookin,52
kbeddisoj,Kurtis,Beddis,65
tstothertok,Tades,Stothert,60
fpalethorpeol,Frankie,Palethorpe,62
gcookseyom,Guenevere,Cooksey,22
cledneron,Carrol,Ledner,50
jlanegranoo,Jenelle,Lanegran,27
ecreavinop,Elfrieda,Creavin,85
drachuigoq,Dougie,Rachuig,82
avanleijsor,Agnesse,Van Leijs,52
abanckos,Aaren,Banck,73
cfinderot,Colas,Finder,49
mkynndou,Malva,Kynnd,35
pmunseyov,Persis,Munsey,47
bharwellow,Bambi,Harwell,47
szealanderox,Sandra,Zealander,52
cbenezoy,Carline,Benez,67
ltoplinoz,Lonni,Toplin,84
rfarthinp0,Reginald,Farthin,38
dkibbep1,Demott,Kibbe,43
ftrytsmanp2,Freddie,Trytsman,75
bsisleyp3,Brion,Sisley,34
mdmiterkop4,Madeline,Dmiterko,75
neirwinp5,Nana,Eirwin,95
llaffordp6,Leyla,Lafford,59
phartzogsp7,Paco,Hartzogs,86
kcoltherdp8,Katey,Coltherd,99
emcdonnellp9,Elsworth,McDonnell,48
ldoxseypa,Lanna,Doxsey,62
wdefilippispb,Winny,De Filippis,45
mcrinagepc,Meade,Crinage,35
emityashinpd,Esma,Mityashin,72
jeshpe,Jarred,Esh,48
ewiddpf,Ellsworth,Widd,70
ozamboninipg,Osmund,Zambonini,58
sbucklanph,Saidee,Bucklan,87
whaydneypi,Waiter,Haydney,35
qfreakepj,Quintina,Freake,60
ttorfinpk,Tiebold,Torfin,35
mdominighipl,Marco,Dominighi,96
rdoerspm,Ruby,Doers,71
danderbruggepn,Dewitt,Anderbrugge,33
fmaccurtainpo,Fraser,MacCurtain,60
apontepp,Annmaria,Ponte,56
lpappspq,Linet,Papps,69
hmcgrealpr,Hyacinthia,McGreal,60
btrenemanps,Burl,Treneman,91
cbaloghpt,Corly,Balogh,78
zledekerpu,Zsa zsa,Ledeker,70
bhallorpv,Bel,Hallor,56
mheapepw,Marinna,Heape,64
hartingstallpx,Hewie,Artingstall,83
abalypy,Abbie,Baly,73
eforsaithpz,Edita,Forsaith,58
cespaderoq0,Cecile,Espadero,95
mgravieq1,Maure,Gravie,20
cmacalessq2,Cyrill,MacAless,48
mcroallq3,Myrtice,Croall,44
acosgriveq4,Annis,Cosgrive,46
mpatmoreq5,Merline,Patmore,89
mornelasq6,Marje,Ornelas,32
acoatq7,Anica,Coat,81
cpencottq8,Cassondra,Pencott,60
kpoateq9,Kennett,Poate,81
snaniqa,Sapphire,Nani,94
rnussgenqb,Ravid,Nussgen,70
switheridgeqc,Somerset,Witheridge,94
jlinsayqd,Jeddy,Linsay,64
cprofitqe,Christan,Profit,54
ssawqf,Stephani,Saw,71
mcottisqg,Minette,Cottis,36
fwarburtonqh,Faulkner,Warburton,73
hcarmelqi,Hailee,Carmel,29
ctravesqj,Carlyn,Traves,63
hglasonqk,Helene,Glason,100
wlanningql,Westbrook,Lanning,27
dthackstonqm,Dewie,Thackston,83
kkobeltqn,Kylila,Kobelt,88
mharkinsqo,Melany,Harkins,88
mkeymeqp,Malvina,Keyme,62
btomikqq,Bryn,Tomik,68
cbecerilqr,Carolus,Beceril,40
cscarasbrickqs,Cesaro,Scarasbrick,77
crolinqt,Chrissie,Rolin,47
skroutqu,Shel,Krout,98
pmeedendorpeqv,Paulita,Meedendorpe,65
skorlatqw,Seward,Korlat,42
nthreadkellqx,Nananne,Threadkell,95
rblackleyqy,Rosita,Blackley,22
rbothramqz,Rollie,Bothram,27
chogbinr0,Creight,Hogbin,71
agravenerr1,Allin,Gravener,59
hporttr2,Harlene,Portt,96
dtommasettir3,Drusy,Tommasetti,33
rlehrianr4,Roze,Lehrian,35
tbernir5,Trista,Berni,31
ehinstockr6,Emelda,Hinstock,52
squartlyr7,Sindee,Quartly,94
hcoppenhallr8,Hailee,Coppenhall,34
lhakesr9,Leila,Hakes,52
lrobilliardra,Luce,Robilliard,76
gfryrb,Garald,Fry,50
nwiburnrc,Norma,Wiburn,21
rketchellrd,Rachele,Ketchell,33
mkeatchre,Marinna,Keatch,88
npendreighrf,Nell,Pendreigh,84
wotoolerg,Wes,O'Toole,65
jcullinrh,Janel,Cullin,38
gcuredellri,Gail,Curedell,84
jscahillrj,Jobey,Scahill,53
mchinnrk,Marcia,Chinn,43
fsignorirl,Freeman,Signori,62
mritchmanrm,Margarete,Ritchman,36
rdarkerrn,Rosina,Darker,70
mmaylinro,Meagan,Maylin,47
areolforp,Aurora,Reolfo,40
rpomphreyrq,Ritchie,Pomphrey,21
edibiagirr,Enrica,Di Biagi,64